id,created_at,text
1208928048340492288x,2019-12-23 01:51:22,b'perfect design.. what could possibly go wrong \xf0\x9f\xa4\xb7\xe2\x80\x8d\xe2\x99\x82\xef\xb8\x8f https://t.co/1nb9jU17jL'
1208927218224771072x,2019-12-23 01:48:04,b'someone is psyched to be back in NYC https://t.co/HKlDxipFR7'
1208557869735366656x,2019-12-22 01:20:24,b'@TheBeardyBoy @PhillyD My concern was that people would think that.  Difficult to explain without it sounding shady.'
1208557489387524097x,2019-12-22 01:18:54,b'@RyanKChristians true'
1208230609576849408x,2019-12-21 03:39:59,b'RT @RealEOC: Return of the Jedi audience reactions from 1983 https://t.co/ObJ3h5KMHC'
1208197919997747200x,2019-12-21 01:30:06,b'@imFotoFinn Shit.  Ok. Let me look into'
1208197616518852609x,2019-12-21 01:28:53,b'@PedroFe86190063 but I\xe2\x80\x99m not advertising anything'
1208064282430066688x,2019-12-20 16:39:04,b'@MoreWillie using your finger as the Y-axis puts the horizon (X-axis) off by another 2 degrees.  i want you to enjo\xe2\x80\xa6 https://t.co/BPtjyZGqzK'
1208061834957225984x,2019-12-20 16:29:20,b'@MoreWillie horizon is off by 1 or 2 degrees.  please reshoot and repost.  thanks'
1208031549599318016x,2019-12-20 14:29:00,b'@SteeltahnGraham agreed'
1208029196871561216x,2019-12-20 14:19:39,b'@Roadbiker81 whats your venmo?'
1208024031045140480x,2019-12-20 13:59:07,b'good thing to remind yourself. especially around the holidays https://t.co/oqqf9eC4Hc'
1208022511956324353x,2019-12-20 13:53:05,b'@ryantaylorbmx So happy for you'
1207833727516037121x,2019-12-20 01:22:55,b'RT @DavidDobrik: New world record science experiment!! https://t.co/qwanUwNSiT'
1207448353098747904x,2019-12-18 23:51:35,b'@SchwartzDavidR so nice to meet you!!!'
1207448061905002497x,2019-12-18 23:50:25,"b'RT @JohnnyJet: #Video: What the Most Expensive Airline Ticket in the World (@EtihadAirways) Gets You, via @Casey https://t.co/3Gi8ugkjYD'"
1207328092848455680x,2019-12-18 15:53:43,"b'10 years, 10 million subscribers. Congratulations to @MKBHD on passing 10,000,000 and building an empire in the pro\xe2\x80\xa6 https://t.co/f7ePsg2LOL'"
1207046220755038215x,2019-12-17 21:13:39,b'great conversation.  thanks for having me Adam \xf0\x9f\x91\x8a https://t.co/WNL0PRRdjS'
1207027398392238081x,2019-12-17 19:58:51,"b""RT @thisisinsider: YouTuber Casey Neistat made a video showing what it's like to fly in the most expensive plane seat in the world, which c\xe2\x80\xa6"""
1207001622389223424x,2019-12-17 18:16:26,b'great things happening at @368 https://t.co/MWVEGOexPT'
1207000003895578624x,2019-12-17 18:10:00,b'RT @AndrewYang: The city of New Orleans recently declared a state of emergency after being hit by a cyber attack. Cybersecurity isn\xe2\x80\x99t somet\xe2\x80\xa6'
1206989288522436609x,2019-12-17 17:27:25,"b""RT @travelmail: 'Ridiculous luxury': YouTube star films his flight in Etihad's \xc2\xa352,000 A380 'Residence' suite, which has a living room, bed\xe2\x80\xa6"""
1206988627290382336x,2019-12-17 17:24:48,b'RT @ncaprio: This is fantastic! https://t.co/QzFXmmolhx'
1206803458994556929x,2019-12-17 05:09:00,b'RT @BenjiManTV: GOAT.... for reals bro. You are!!!! @Casey @EtihadAirways \xf0\x9f\x9b\xab\xe2\x98\x81\xef\xb8\x8f\xf0\x9f\x92\xba\xf0\x9f\xa5\x82\xf0\x9f\x8d\xbd\xf0\x9f\x92\xaf https://t.co/2oB6WZ0cwP via @YouTube'
1206780835786964992x,2019-12-17 03:39:06,b'RT @TobyHendy: Could You Survive Jumanji is out now on Vsauce3! Still pinching myself that I got to work with @jakerawr @Casey @phil_torres\xe2\x80\xa6'
1206779846874894336x,2019-12-17 03:35:11,b'kids https://t.co/eZovdg4xVJ'
1206769247528972288x,2019-12-17 02:53:03,b'SIX YEARS!  assuming we don\xe2\x80\x99t get divorced in the next 2 weeks we\xe2\x80\x99ll have been married 6 years!  nice work\xe2\x80\xa6 https://t.co/wTrQ28Qf6o'
1206766834147422208x,2019-12-17 02:43:28,b'@OGBTC @Barnacules @BitsBeTrippin @samsheffer @CollinCornwell Congrats.   No easy job.'
1206729591156424704x,2019-12-17 00:15:29,b'@LVormer @FlixhX true'
1206729083847004160x,2019-12-17 00:13:28,b'@jjpayelle all true.  he is a pioneer'
1206727888487079936x,2019-12-17 00:08:43,b'RT @SpaceX: Webcast of Falcon 9 launch now live  https://t.co/KMQtL0sGDd'
1206712097691668480x,2019-12-16 23:05:58,"b'RT @DexertoTrending: In his latest YouTube video, @Casey reviews the most expensive first class airplane ticket, and it looks INCREDIBLE \xf0\x9f\x98\x8d\xe2\x80\xa6'"
1206711963864068096x,2019-12-16 23:05:26,b'@NSCalderone @EtihadAirways @RightThisMinute sure'
1206650966889521152x,2019-12-16 19:03:03,b'@ArnaudDucouret wish theyd hurry up with this one'
1206650249042743296x,2019-12-16 19:00:12,"b'just posted a new airplane review video where, among other activities, i wash my underwear in a shower ON A PLANE!\xe2\x80\xa6 https://t.co/uwLrVYDmCt'"
1206644416972083208x,2019-12-16 18:37:02,"b'@GabbieHanna yes, of course.'"
1206635856070529024x,2019-12-16 18:03:00,b'@sacca so much good hair so so so much'
1206634943339581443x,2019-12-16 17:59:23,b'RT @MKBHD: New Episode! Retro Tech: Sega Genesis https://t.co/U3k9caMs7C https://t.co/WTc2yQBJww'
1206628457515372546x,2019-12-16 17:33:37,b'@brycewesley3 https://t.co/b1GpQp9CPg'
1206623815205179403x,2019-12-16 17:15:10,"b""do yourself a favor and watch Wham's 'Last Christmas' music video from 1984.  remastered in 4k from the original 35\xe2\x80\xa6 https://t.co/qOEA1nogNB"""
1206595499005894656x,2019-12-16 15:22:39,b'NEW EPISODE of genius @jakerawr new YouTube Show.  Can you survive Jumanji?  im in this episode -\xe2\x80\xa6 https://t.co/ccikwPy0pB'
1206594428120395776x,2019-12-16 15:18:23,"b""RT @joshuatopolsky: These are super fun and we're going to be doing a bunch like this (special thx to prince-among-men @casey) https://t.co\xe2\x80\xa6"""
1206363843598811137x,2019-12-16 00:02:08,b'getting after it at this Kidz Bop concert https://t.co/IrxXSoqF14'
1206356119968288768x,2019-12-15 23:31:26,b'@detru_ @streamys Yeah.  Kpop guy'
1206331701669982208x,2019-12-15 21:54:24,b'@jakerawr @phil_torres https://t.co/J7PfVPHlx1'
1206328159336980480x,2019-12-15 21:40:20,b'@KeithHopkin I can see in total darkness and have zoom.'
1206068838543982593x,2019-12-15 04:29:53,b'@ofbren @eggstead i hope theyre not replicas'
1206068746722242560x,2019-12-15 04:29:31,b'@nyc_ryanb nice one'
1206059949177966592x,2019-12-15 03:54:34,b'great tie \xf0\x9f\xa6\x92 https://t.co/xT6Ol13cX6'
1205996644874907648x,2019-12-14 23:43:01,b'GET IT Jack \xf0\x9f\x91\x8a https://t.co/9UHOy1hNp5'
1205966565922889729x,2019-12-14 21:43:29,"b'My hero, the Kombucha Girl herself,   @Brittany_broski https://t.co/WQjvArjnJ2'"
1205944990074994688x,2019-12-14 20:17:45,b'the gentleman in the purple hat represents the feelings of all New Yorkers during SantaCon. https://t.co/dyPyPcQuX1'
1205944210769076224x,2019-12-14 20:14:39,b'this is so satisfying https://t.co/7Mvi79J93U'
1205944068275990528x,2019-12-14 20:14:05,b'told you so -- https://t.co/4Bau0wNCQT https://t.co/SnhCF8hxXw'
1205911224120033282x,2019-12-14 18:03:35,b'@derraleves I missed you!'
1205904538881781760x,2019-12-14 17:37:01,"b'\xe2\x80\x98Damn, he looks good in that onesie\xe2\x80\x99 https://t.co/tXbXarVY8H'"
1205904232148131842x,2019-12-14 17:35:48,b'thanks for the onesie @GoPro. Franny was jealous https://t.co/HtcGKfYXQ1'
1205724392233164800x,2019-12-14 05:41:11,b'RT @streamys: presenting the #streamys Creator of the Year award is none other than @Casey! \xf0\x9f\x98\x8e https://t.co/wNR0fMfnDH'
1205679475561615361x,2019-12-14 02:42:42,b'\xf0\x9f\x98\x8e https://t.co/arWWDuft01'
1205541953728733184x,2019-12-13 17:36:14,"b'apparently, Ramsy is spelled Ramsay.  also apparent; i am an idiot sandwich after all'"
1205523473914720257x,2019-12-13 16:22:48,b'https://t.co/DVmwDLeCJi'
1205523353240342528x,2019-12-13 16:22:19,b'major Gordon Ramsy vibes while making the kids lunch.  Look at these perfectly sliced strawberries.  The tinfoil wr\xe2\x80\xa6 https://t.co/SFuVf9eaEN'
1205511393534857216x,2019-12-13 15:34:48,b'why do they call it that? - https://t.co/w4ReVttaEC'
1205505996170248192x,2019-12-13 15:13:21,"b""@MatthewACherry we've never met Matthew but this made me emotional.  congrats on making it happen"""
1205502615183749121x,2019-12-13 14:59:55,b'@SASOstayinFLY @Ryan_Sickles @TonyBotzZz @__mynameiscam I appreciate all of this thread.  i am going to forward to\xe2\x80\xa6 https://t.co/AHJv5X8P5n'
1205502270005104640x,2019-12-13 14:58:32,"b'@csouza12 @candicepool $195, which is expensive.  an uber during rush hour is $120, also expensive.  the airtrain i\xe2\x80\xa6 https://t.co/VKyqy03VHW'"
1205492485922770946x,2019-12-13 14:19:40,"b'@ClintDickson actually, the $ part of this is pretty economical.  the monthly payments for the solar panels and suc\xe2\x80\xa6 https://t.co/uth50gp3uG'"
1205492003028357122x,2019-12-13 14:17:45,"b'@TonyBotzZz @SASOstayinFLY @Ryan_Sickles @__mynameiscam so, it might be to code but also might be a less than profe\xe2\x80\xa6 https://t.co/VrZbuVQJpp'"
1205491709250920448x,2019-12-13 14:16:35,"b""@jaysphoto @RideOnewheel @super73 regretfully i think that puts you just outside of the 'LA friends' part of the eq\xe2\x80\xa6 https://t.co/o2dN0X4FhE"""
1205490533000331271x,2019-12-13 14:11:54,"b""hey LA friends!  two of my favorite startups @RideOnewheel and @super73 are doing a pop-up today.  it's free and lo\xe2\x80\xa6 https://t.co/yuxGes4lnt"""
1205486949521166336x,2019-12-13 13:57:40,"b'@SASOstayinFLY @Ryan_Sickles @TonyBotzZz @__mynameiscam tell me more, pls be specific.  \n\nthis is all helpful.  the\xe2\x80\xa6 https://t.co/cbxdQdfs6q'"
1205480051287851011x,2019-12-13 13:30:15,b'@Hevesh5 @Forbes @ForbesUnder30 \xf0\x9f\x91\x8f\xf0\x9f\x91\x8f\xf0\x9f\x91\x8f so happy for you \xf0\x9f\x91\x8f\xf0\x9f\x91\x8f\xf0\x9f\x91\x8f'
1205312085883641856x,2019-12-13 02:22:49,b'my Tesla house is now operational https://t.co/O9oTQQfcZo'
1205272172937170945x,2019-12-12 23:44:13,b'my wife in a helicopter because \xe2\x80\x98there was bad traffic\xe2\x80\x99 https://t.co/99MMUE9qLl'
1205240852492087296x,2019-12-12 21:39:46,b'@Cadenza1451 @Tesla No.  I have a flat roof so it\xe2\x80\x99s perfect for panels'
1205239992169058304x,2019-12-12 21:36:21,b'also this has been a huge undertaking and @Tesla has been great.'
1205239836967202816x,2019-12-12 21:35:44,b'solar powered house.  \nITS HAPPENING!!! https://t.co/Nf45JsFmyO'
1205192925950251009x,2019-12-12 18:29:19,b'@kaleighf You can get a nice parking spot in La for that price'
1205192691157352448x,2019-12-12 18:28:23,b'that\xe2\x80\x99s my sweatshirt.  It was a gift from @jasonnash and I would like it back.   also that\xe2\x80\x99s my hat. https://t.co/aC8seSvLPn'
1205176686670561281x,2019-12-12 17:24:47,b'@LiquidSymbolic Everyday'
1205168857230430208x,2019-12-12 16:53:41,"b'she dictates, I draw https://t.co/0dc9agjUY3'"
1205168007393112064x,2019-12-12 16:50:18,b'gotta entertain the kid when stuck in traffic https://t.co/3qI2Ze6aSg'
1205151287441907714x,2019-12-12 15:43:52,b'@jeffgrantmedia why would you tag me in this?'
1205148131328872450x,2019-12-12 15:31:19,b'@KEEMSTAR that has to be a record'
1205148053151211525x,2019-12-12 15:31:01,b'I once moved two 4\xe2\x80\x99x8\xe2\x80\x99 sheets of 3/4\xe2\x80\x9d plywood on the NYC subway by myself.. these guys got me beat \xf0\x9f\x9b\x8b https://t.co/V3CA8dRpl1'
1205145353403559936x,2019-12-12 15:20:17,b'@KEEMSTAR How many people do you have blocked?'
1205139424817766401x,2019-12-12 14:56:43,"b'I wake up early everyday to get a head start on work, this morning little franny woke up early to get a head start\xe2\x80\xa6 https://t.co/yZ76Os7HXm'"
1204968047871553538x,2019-12-12 03:35:44,b'she\xe2\x80\x99s definitely been drinking https://t.co/fAXZJlUEme'
1204944085074604032x,2019-12-12 02:00:31,b'@MatthewACherry confirmed'
1204943240278900736x,2019-12-12 01:57:09,b'@kaysha @YouTube *every minute https://t.co/uUR9424l2s'
1204942812321468422x,2019-12-12 01:55:27,b'@helena Don\xe2\x80\x99t have any questions but I did want to let you know I found my credit card.'
1204933826872348672x,2019-12-12 01:19:45,b'@producerSX IT WORKED!!'
1204905748267859970x,2019-12-11 23:28:11,b'\xf0\x9f\xa4\xb7\xe2\x80\x8d\xe2\x99\x82\xef\xb8\x8f https://t.co/9LgKZgRLVi'
1204888165913202689x,2019-12-11 22:18:19,b'@sacca https://t.co/A8szMDm83u'
1204871518561488903x,2019-12-11 21:12:10,b'thanks for having me https://t.co/GmujztIQPo'
1204823913953316865x,2019-12-11 18:03:00,b'PRESENTER https://t.co/OXTvYjXHCx'
1204820153843646464x,2019-12-11 17:48:03,b'this is so great.  two amazing women and great friends coming together to raise $ to help girls learn to code --\xe2\x80\xa6 https://t.co/C9eYpIpmoR'
1204818591226286080x,2019-12-11 17:41:51,b'@J4CKMULL also im this https://t.co/3YwjsmK4Od'
1204818369330864129x,2019-12-11 17:40:58,b'@J4CKMULL hey Jack.  im a lone wolf.  hope you understand https://t.co/9uEm0bNapc'
1204814865962942464x,2019-12-11 17:27:03,b'my friend made this rediculous video for his canned wine company.  A for effort gentleman \xf0\x9f\x98\x82 - https://t.co/36D9WWGQTl'
1204812151824633856x,2019-12-11 17:16:15,b'hey @itsjojosiwa do you make this jacket in my size? https://t.co/6Pnu4Jso4P'
1204806455712333824x,2019-12-11 16:53:37,b'@karliekloss @kodewithklossy @shantell_martin Yes please'
1204805968992727040x,2019-12-11 16:51:41,"b'RT @YTCreators: Many of you have told us we need to do a better job preventing harassment on YouTube, so we consulted with a wide array of\xe2\x80\xa6'"
1204805854777622528x,2019-12-11 16:51:14,"b'RT @SusanWojcicki: .@YouTube, we take it very seriously when creators share stories about harassment. Today we announced an update to our h\xe2\x80\xa6'"
1204789108742086656x,2019-12-11 15:44:42,b'@lexieviolett https://t.co/l1WSDHuhz0'
1204788660979167235x,2019-12-11 15:42:55,b'@defaultbyloner @samfrieds All I can do is apologize'
1204561383221682176x,2019-12-11 00:39:48,b'well deserved \xf0\x9f\x91\x8f\xf0\x9f\x91\x8f\xf0\x9f\x91\x8f https://t.co/mFdlFPUaqu'
1204560905700118528x,2019-12-11 00:37:54,b'@chriswelch Hope all is ok'
1204560790268698625x,2019-12-11 00:37:26,b'@austinnotduncan How is this possible'
1204476968038584321x,2019-12-10 19:04:21,b'@hayden_quinn some of that too yes'
1204441673826127872x,2019-12-10 16:44:07,b'scary https://t.co/IgJR0hsaCO'
1204428018803888128x,2019-12-10 15:49:51,b'she\xe2\x80\x99s really into the breakfast menu.  this mornings choice; toast https://t.co/nrpu5tsMDR'
1204199893515919360x,2019-12-10 00:43:22,b'@Shillibier @F1 Lando was awesome.  i know i cant show footage from sporting events (editing my vlogs from the supe\xe2\x80\xa6 https://t.co/tPM7AUxb0T'
1204197229583421440x,2019-12-10 00:32:47,"b'@Shillibier @F1 hey william, not sure what your aksing?   was just disappointed that i lost all the footage of my f\xe2\x80\xa6 https://t.co/PrmSKudDWb'"
1204086073300668416x,2019-12-09 17:11:05,b'@graceekcb @kylemcampbell remember; https://t.co/wsLDWkAsIV'
1204028685377949696x,2019-12-09 13:23:03,b'@karaswisher @mikiebarb @joerogan congratulations and well deserved \xf0\x9f\x91\x8f'
1203926082925150208x,2019-12-09 06:35:20,b'Candice calls restaurants and tries to use my name but they never know who i am so we just stay home and eat spaghe\xe2\x80\xa6 https://t.co/H9C4crCAIJ'
1203766681991929858x,2019-12-08 20:01:56,b'@shanesilba1 i forget to take them off then in low light my shot is all noisy.'
1203765890317049856x,2019-12-08 19:58:47,"b""RT @tanyayuan: When you make it into @Casey's latest Vlog. So much fun interviewing this inspiring creator @swissinnovation forum:  https:/\xe2\x80\xa6"""
1203758724298313728x,2019-12-08 19:30:19,"b""@TaylorLorenz Bergman's Scenes from a Marriage is about as depressing and bleak as you can get... if youre into that kind of thing"""
1203754132898598918x,2019-12-08 19:12:04,b'RT @MeredithFrost: Perfectly timed action shot by photographer Claudio Piccoli https://t.co/65NG4asAc1 https://t.co/d0mfIAZgKu'
1203701007986806784x,2019-12-08 15:40:58,"b'RT @JOSH_BENNY: We\xe2\x80\x99ll be in LA for q/a\xe2\x80\x99s 12/13, 12/14 &amp; 12/15 with @AdamSandler @ArcLightCinemas in the CINERAMA DOME, come through: https:\xe2\x80\xa6'"
1203531632730230785x,2019-12-08 04:27:56,b'once upon a time https://t.co/gs2mHrWIAA'
1203378149486186496x,2019-12-07 18:18:03,"b'hey YouTubers that follow me.  if you think this unofficial REWIND is as good as I do, go ahead and share it! the c\xe2\x80\xa6 https://t.co/Hr8voaiJQs'"
1203376396996939779x,2019-12-07 18:11:05,b'@hutchison15 @_dyalla !!!'
1203368869840031746x,2019-12-07 17:41:10,b'@joshuatopolsky Finally Kanye is making video games'
1203368376854171648x,2019-12-07 17:39:13,b'this homemade YouTube REWIND is perfect.  Hey @YouTube ! Hire @JayLaw_YT to do next years video - https://t.co/00oK5VqMZm'
1203117511278874624x,2019-12-07 01:02:22,b'@setteBIT Nice one'
1203116297019461632x,2019-12-07 00:57:32,b'@teddibearmusic @YTCreators Yes!   Something YouTube is doing this year.'
1203116016819064833x,2019-12-07 00:56:25,b'@setteBIT Special place'
1203115912464760832x,2019-12-07 00:56:01,b'RT @Norrin_Radd71: This is one of the best @Casey videos ever. Kudos. https://t.co/8b8frZ6rnq'
1203063006671753216x,2019-12-06 21:25:47,b'@CorinnaKopf @AndreMusgrove this picture is \xf0\x9f\x91\x8d'
1203062925411270656x,2019-12-06 21:25:27,b'@andylassner the confused old man thing elicits no sympathy from anyone.'
1203062694598725632x,2019-12-06 21:24:32,"b""@Slade @steveaustinBSR as long as we've known each other you've never told me you know Stone Cold.  really feel lik\xe2\x80\xa6 https://t.co/uPHzRj0rG1"""
1203037937954222083x,2019-12-06 19:46:10,"b'VR is the future, they said https://t.co/vgYApCY3HM'"
1203036388335083520x,2019-12-06 19:40:00,b'RT @AdamSandler: https://t.co/ZRD1FAy0bm'
1203008013516197888x,2019-12-06 17:47:15,b'Ashley Graham is an icon. https://t.co/3XL36GcnKU'
1202998037007626240x,2019-12-06 17:07:37,b'What do you think this means ? https://t.co/AYAwACnZK0'
1202960924375535618x,2019-12-06 14:40:08,"b'RT @CDisillusion: YouTube Rewind has SOME NERVE highlighting a vibrant, diverse crop of objectively well-performing creators in a simple, c\xe2\x80\xa6'"
1202960109401325568x,2019-12-06 14:36:54,b'@candicepool @TimothyDeLaG animal'
1202844779463102464x,2019-12-06 06:58:37,b'RT @QuackityHQ: 2000 was 20 years ago which is really weird because 1980 was also 20 years ago'
1202839090636345344x,2019-12-06 06:36:01,b'love this so much https://t.co/azXp8d5aNq'
1202816798170611713x,2019-12-06 05:07:26,"b'RT @balajis: The more you work out, the easier it is to work out.\n\nThe easier it is to work out, the more you work out.'"
1202800167977508865x,2019-12-06 04:01:21,b'RT @jacksfilms: new vid:\nThe YouTube Rewind you secretly wanted\nhttps://t.co/3LgtYiJgKQ https://t.co/XulOT51vsz'
1202730423555506177x,2019-12-05 23:24:13,b'@usuallyisaac @Patrick58157552 @MarthaVader @KhaledCHamdi @EtihadAirways this convo is so intense.   they gave me t\xe2\x80\xa6 https://t.co/pX5gjlw9WR'
1202720411542118400x,2019-12-05 22:44:26,"b'YouTube comments about my wife from the video I posted today.. oh internet, what would the world be without you? \xe2\x80\x94\xe2\x80\xa6 https://t.co/05DJ9GVKn8'"
1202713594040766464x,2019-12-05 22:17:20,b'where do you keep your loose pieces of chocolate?  Candice keeps hers in pants pocket https://t.co/s3S23otud6'
1202706907233832960x,2019-12-05 21:50:46,b'@rogeliobarreraj @samsheffer @Tesla truth'
1202675510880243712x,2019-12-05 19:46:01,b'@samsheffer @Tesla you know whats not magic?  coming to LA and not even calling me... you know YOU are the one who\xe2\x80\xa6 https://t.co/ZZVTRMwd65'
1202674820242034688x,2019-12-05 19:43:16,"b'@PhillyD ""hello you beautifil buzzerds, im freddy difrako and this is another episode of the news youtube show. now\xe2\x80\xa6 https://t.co/jUqnIeeKBv'"
1202674246339575808x,2019-12-05 19:40:59,b'If you havent seen this yet do yourself a favor and spend the next 6 minutes watching.  My daughter absolutely love\xe2\x80\xa6 https://t.co/Yo52oPz7Jm'
1202673520196456449x,2019-12-05 19:38:06,b'@kevinlieber painful because tru.  it was time Kevin'
1202668737557516288x,2019-12-05 19:19:06,b'i love being home'
1202666570100555776x,2019-12-05 19:10:29,b'RT @MrBeastYT: According to Youtube Rewind we were the 7th most viewed creator this year \xf0\x9f\xa5\xb3 https://t.co/FV8N34Mxej'
1202666542376243205x,2019-12-05 19:10:22,"b""RT @SusanWojcicki: Last year, #YouTubeRewind didn't reflect the @YouTube you know....so this time around we took a different approach. Rewi\xe2\x80\xa6"""
1202659122207805440x,2019-12-05 18:40:53,b'@SarkyMastermind A beautiful bike'
1202658972701822976x,2019-12-05 18:40:18,b'@malwired @pewdiepie Actually that clip was in there'
1202658020204793857x,2019-12-05 18:36:30,b'i liked rewind 2019. not as sensational or produced as years passed but i appreciate;\n-not just same old faces (exc\xe2\x80\xa6 https://t.co/td5kbcyeyF'
1202634582295625728x,2019-12-05 17:03:22,b'@FaizelPatel143 thank you sir'
1202631637827084289x,2019-12-05 16:51:40,b'ITS HAPPENING \xf0\x9f\x8e\x82 https://t.co/66ILTs8u4l'
1202629935543701504x,2019-12-05 16:44:55,b'@jjeremymiller Well done!!!!'
1202612409501806592x,2019-12-05 15:35:16,b'it\xe2\x80\x99s almost time https://t.co/MCVze1OLLV'
1202612117091713024x,2019-12-05 15:34:06,b'@stevenspohn https://t.co/UhNysRQX4U'
1202610575756279809x,2019-12-05 15:27:59,b'@stevenspohn Im no scientist but why not do both?'
1202610132997136384x,2019-12-05 15:26:13,"b""RT @MrAshRobertson: I know people will moan that it's not as regular as before but I love seeing a notification for a new @Casey video. It'\xe2\x80\xa6"""
1202610118551957504x,2019-12-05 15:26:10,b'RT @ShimonMayerfeld: So nice to watch a good old @Casey vlog. Just chillin with @samsheffer. Fun watch!\nhttps://t.co/JstWFLWZLE'
1202610004659847169x,2019-12-05 15:25:43,b'start exercising.. then never stop.  -- https://t.co/uc5KQBTdmL https://t.co/JjJUxVgZiI'
1202408286412140544x,2019-12-05 02:04:09,b'tomorrow is little Franny\xe2\x80\x99s birthday. https://t.co/L984SRv9MF'
1202407679458566144x,2019-12-05 02:01:45,b'@Liron_Segev @candicepool Yep'
1202404461122969600x,2019-12-05 01:48:57,b'Me; don\xe2\x80\x99t eat in my \xf0\x9f\x9a\x97\nCandice; \xf0\x9f\x91\x8d \nAlso Candice; \xf0\x9f\x8d\xa3 https://t.co/nrNR1mMjvY'
1202380970197807104x,2019-12-05 00:15:37,"b""@MarthaHunt do you mean saving videos/footage from videos you've uploaded??  like for archival purposes?"""
1202366268847747072x,2019-12-04 23:17:12,b'listen to Adam Sandler talk about @JOSH_BENNY !! https://t.co/syHtN6BTFI'
1202362215791120384x,2019-12-04 23:01:05,"b'\xf0\x9f\x91\x8f one of my fav movies ever\xf0\x9f\x91\x8f\n\nBravo @JOSH_BENNY &lt;- (friends since forever, now they\xe2\x80\x99re big time movie directors!!!) https://t.co/awcqWEM2qb'"
1202340198761160704x,2019-12-04 21:33:36,b'grateful \xf0\x9f\x8c\xaf https://t.co/FqV166NUen'
1202336121897664513x,2019-12-04 21:17:24,b'really appreciate youtube trolling itself over Rewind. https://t.co/I7g8C58DgL'
1202328362095534080x,2019-12-04 20:46:34,b'@mcwm odd job obviously.  take them out at the knees.'
1202328109174775808x,2019-12-04 20:45:34,b'ok boomer'
1202327952186171393x,2019-12-04 20:44:56,"b""It's 2019 and I still only think GoldenEye on N64 when I  hear the James Bond music -- https://t.co/WWhp7grrOU"""
1202314045124005888x,2019-12-04 19:49:40,b'@aaronkaiser appreciate the support'
1202296892719161346x,2019-12-04 18:41:31,b'@kj_brent this motherfucker is a real class act.'
1202284367118094338x,2019-12-04 17:51:45,b'RT @FABNEWYORK: The highest human act is to inspire...'
1202267368325468160x,2019-12-04 16:44:12,b'@piamuehlenbeck https://t.co/F6rfIFkvPj'
1202037877263257602x,2019-12-04 01:32:17,b'RT @MKBHD: NEW VIDEO - Favorite Tech of the Year Rewind Collab! https://t.co/BSVbXtlep7 - RT! https://t.co/sjl11MDN6I'
1202000350225555456x,2019-12-03 23:03:10,b'so I finally got to fly in the Etihad 3 room airplane seat.  the seat had 3 rooms. 3 rooms for 1 \xf0\x9f\x92\xba.  It was everyth\xe2\x80\xa6 https://t.co/17HneGNi1P'
1201825994669117442x,2019-12-03 11:30:20,b'RT @YouTube: Ever wonder what it would have been like to be a YouTuber in 1985?\n\nWatch the first episode of #RetroTechMKBHD to see @MKBHD a\xe2\x80\xa6'
1201707622501683202x,2019-12-03 03:39:58,b'\xf0\x9f\x9a\xa8 https://t.co/9iHvNF5mNK'
1201707521481805824x,2019-12-03 03:39:34,b'\xf0\x9f\x90\xb8 https://t.co/n8nKo13np2'
1201473311437443072x,2019-12-02 12:08:54,b'@linzasaur @PRJournoRequest I have thoughts'
1201452444439502848x,2019-12-02 10:45:59,"b'He has left the building and I did not, I did not, get the selfie https://t.co/MOGZuGwLF4'"
1201423556632076288x,2019-12-02 08:51:11,b'https://t.co/FjQ4IqiMjm'
1201423309331718151x,2019-12-02 08:50:12,b'Steven Seagal is sitting next to me. Hes just as awesome looking as you\xe2\x80\x99d imagine.  Do I ask for selfie ?'
1201146802172551170x,2019-12-01 14:31:28,"b'\xf0\x9f\x8f\x8e with one of my favorite people, Maps #AbuDhabiGP https://t.co/dIb3gA2Lzg'"
1201143708026122240x,2019-12-01 14:19:10,b'my wife https://t.co/2loQJ4qrDY'
1201132855620984833x,2019-12-01 13:36:03,b'RT @MapsMaponyane: The Homie @Casey is here too \xf0\x9f\x99\x8c\xf0\x9f\x8f\xbe \xf0\x9f\x8f\x8e\xf0\x9f\x92\xa8\xf0\x9f\x92\xa8\xf0\x9f\x92\xa8 #AbuDhabiGP https://t.co/6FvJ5nw8BG'
1201078805177274368x,2019-12-01 10:01:16,b'nice https://t.co/KO23aabaaU'
1201037128303599616x,2019-12-01 07:15:40,b'@DillonFrancis *us'
1201036728594845696x,2019-12-01 07:14:04,b'@candicepool I haven\xe2\x80\x99t clogged in years.  Plus you said I look sexy in clogs.'
1201036287031087104x,2019-12-01 07:12:19,b'@JOSH_BENNY I remember'
1201030317311700992x,2019-12-01 06:48:36,b'my wife https://t.co/44nUfjsASt'
1201023000746831872x,2019-12-01 06:19:31,b'RT @MKBHD: 1 month left in this decade.'
1200974358056968193x,2019-12-01 03:06:14,b'also the answer is no. no you can\xe2\x80\x99t fly a drone here. https://t.co/xkVMI7nT8G'
1200973896494854144x,2019-12-01 03:04:24,b'morning from Abu Dhabi! https://t.co/kZfBKIYYjw'
1200816969114685440x,2019-11-30 16:40:50,b'@ryantaylorbmx Abu Dhabi'
1200806585741774851x,2019-11-30 15:59:34,b'that\xe2\x80\x99s my brother in The Irishman ! https://t.co/klpuNYnaMj'
1200581825132937218x,2019-11-30 01:06:27,b'ever get the felling you\xe2\x80\x99re being \xf0\x9f\x91\x80 https://t.co/KTPcLBTLGb'
1200208410886541312x,2019-11-29 00:22:38,b'cousins \xe2\x9d\xa4\xef\xb8\x8f https://t.co/mOtBF9yR1A'
1200158099165704192x,2019-11-28 21:02:43,b'my daughter made these. https://t.co/qeohja4uTn'
1200149080829128704x,2019-11-28 20:26:53,b'@NBTJacklyn thanks Jacklyn!!!'
1200115211769794560x,2019-11-28 18:12:18,b'Omg.  This is just what I imagine when thinking TSA + Tiktok https://t.co/6PaK0800U4'
1200106136344518656x,2019-11-28 17:36:14,b'Hey Happy thanksgiving and all.  I did this trick at the trampoline place last night.  Can you reply with comments\xe2\x80\xa6 https://t.co/oBnu4Bzouo'
1200086076775206913x,2019-11-28 16:16:31,b'yeah sorry this video will never be on YouTube.  family viewing only.'
1200085373168177152x,2019-11-28 16:13:44,b'I made @candicepool a video about our daughters first couple of years.  the girls watch it on repeat. https://t.co/ukZtB1HVAS'
1199882906581102592x,2019-11-28 02:49:12,b'@ohRemi_ you know it'
1199560971393437696x,2019-11-27 05:29:57,b'yeah https://t.co/jDeWCEya7Y'
1199552747697139712x,2019-11-27 04:57:16,b'thank you Mr Herzog https://t.co/rJL4HLtaTA'
1199449131573379073x,2019-11-26 22:05:32,b'\xf0\x9f\x9a\xb2 \xf0\x9f\x92\xa8 https://t.co/C0ajhQfHrh'
1199436227390296064x,2019-11-26 21:14:15,b'@motdraw1 Let\xe2\x80\x99s do it'
1199394256663629824x,2019-11-26 18:27:29,b'I o u for this one @KIDZBOP !!!! https://t.co/xyVY0fgfvb'
1199356383742705665x,2019-11-26 15:56:59,"b'Gentlemen, please take a moment and follow some advice from my friend Pete, a cancer survivor and all-around good g\xe2\x80\xa6 https://t.co/5wZxnnEp2M'"
1199104489594085377x,2019-11-25 23:16:03,b'@rilaws GEMS is amazing.  A huge step forward for josh and benny'
1199095677101281280x,2019-11-25 22:41:02,"b""RT @JonErlichman: Tesla's annual revenue:\n\n2021 $34.1 billion*\n2020 $29.1 billion*\n2019 $24.3 billion*\n2018 $21.5 billion\n2017 $11.8 billio\xe2\x80\xa6"""
1199094870117191680x,2019-11-25 22:37:49,b'@rilaws Oh. that hurts tho'
1199085293640400896x,2019-11-25 21:59:46,b'Looks amazing.  Congrats @MKBHD https://t.co/qbrhdAJLBm'
1198899060385701888x,2019-11-25 09:39:45,b'@rilaws Why didn\xe2\x80\x99t you\xe2\x80\x99d ever think you\xe2\x80\x99d say that?'
1198889804588605440x,2019-11-25 09:02:58,b'on the \xe2\x9c\x88\xef\xb8\x8f.  Thanks @lufthansa for sorting me out. https://t.co/POobV2PRaZ'
1198886236863287297x,2019-11-25 08:48:47,b'In Germany now. Look at this McDonald\xe2\x80\x99s menu!!! WHATS A PIMP BURGER?!? https://t.co/Qd9PNhrtoT'
1198855095229792256x,2019-11-25 06:45:03,"b'RT @lizzo: 8 years of touring, giving out free tix to my undersold shows, sleepless nights in my car, losing my dad &amp; giving up on music, p\xe2\x80\xa6'"
1198846822170660864x,2019-11-25 06:12:10,b'I miss NYC https://t.co/pHQil3zzMy'
1198842511952924672x,2019-11-25 05:55:02,"b'so @lufthansa fkd up my ticket and made it my problem but the guy on the phone, david, was a fan and super nice - h\xe2\x80\xa6 https://t.co/YaLifJji7w'"
1198837973116162048x,2019-11-25 05:37:00,b'floor cleaning robot vs rolling suitcase https://t.co/H71wHK7daI'
1198837410131533824x,2019-11-25 05:34:46,b'everything is cool.   I\xe2\x80\x99m in Prague https://t.co/6scuQvjQTx'
1198836305976795137x,2019-11-25 05:30:23,b'@tony_ganzer @CNNMoneyCH I look super high.  Do I always look high?  I was not high'
1198812040158228486x,2019-11-25 03:53:57,"b'lights off, heats on, all good https://t.co/VqF3Qu8dGI'"
1198810145364545536x,2019-11-25 03:46:26,b'v cold in here https://t.co/GUaLYykvF7'
1198809521495445504x,2019-11-25 03:43:57,b'about to fly on this thing.  wish me luck https://t.co/qeirQRmNvB'
1198806959039877122x,2019-11-25 03:33:46,b'@the_wing Hero'
1198806936617136130x,2019-11-25 03:33:41,"b'\xe2\x80\x9cI took that table and I went to working on him,\xe2\x80\x9d Murphy said. \xe2\x80\x9cThe table broke.\xe2\x80\x9d \n\nFemale bodybuilder, 82, bashes\xe2\x80\xa6 https://t.co/Am4ZHYQEZF'"
1198702280402493441x,2019-11-24 20:37:49,b'@AntonDee_ @elonmusk yup'
1198697130841395200x,2019-11-24 20:17:21,b'@MKBHD cool cool.. but they shoulda just given you a microphone and let you talk CYBERTRUCK for 15 minutes.'
1198690886177021952x,2019-11-24 19:52:32,b'@ArlanWasHere excellent'
1198610747174948864x,2019-11-24 14:34:05,"b'RT @GoPro: +45mph, +65ft. \xf0\x9f\x8c\x8a\n\nThe biggest wave of @justinedupont33 life is now in contention of being the biggest wave ever ridden by a woma\xe2\x80\xa6'"
1198418027617882113x,2019-11-24 01:48:17,b'\xf0\x9f\x92\xa1 @AndrewYang https://t.co/MUwDBxjicE'
1198387493219000323x,2019-11-23 23:46:58,b'@JohnnyIXI great movie'
1198386646393217024x,2019-11-23 23:43:36,b'@KEEMSTAR @tedstein @Tesla Me neither but if you figure out how to get that TESLA bread lmk keem'
1198386437755981826x,2019-11-23 23:42:46,b'@cambodonut2 This is awesome \xf0\x9f\x91\x8f'
1198386339642822657x,2019-11-23 23:42:22,b'@JenesisofLife You weren\xe2\x80\x99t alone!'
1198385325661442048x,2019-11-23 23:38:21,"b'@briflys Hey Brian with regrets I\xe2\x80\x99m traveling, not back in the USA til late Monday'"
1198381691007590400x,2019-11-23 23:23:54,b'@PicksMo that shit was delicious. still can\xe2\x80\x99t get over my parents thinking it was a better option than soda.'
1198381504461787136x,2019-11-23 23:23:10,b'@mrtwills \xf0\x9f\x98\x82'
1198381355379429377x,2019-11-23 23:22:34,b'@cambodonut2 *Steel ball \xf0\x9f\x98\x89'
1198380210976174080x,2019-11-23 23:18:01,b'RT @humblethepoet: Y\xe2\x80\x99all complain too much'
1198380197986349056x,2019-11-23 23:17:58,b'@matthijs_soest https://t.co/5UcXDG2i6S'
1198378265498533889x,2019-11-23 23:10:17,b'nO ONe iS GoNnA BUy thAt StUPid thINg \xc2\xa1 https://t.co/m4ItXZr9qA'
1198377218226999296x,2019-11-23 23:06:08,b'@tedstein @AshleyyyClarkee you\xe2\x80\x99re making a lot of assumptions.   I\xe2\x80\x99ve never been paid by TESLA and neither have any\xe2\x80\xa6 https://t.co/Tr7pHQc6ls'
1198319833911353350x,2019-11-23 19:18:06,b'@tedstein Is tesla paying me money?'
1198316409257910273x,2019-11-23 19:04:30,b'@inursha @lazygetter well I know little of that.  but seems like your targeting of fans of the products the company\xe2\x80\xa6 https://t.co/gNKM5KwU7x'
1198313944345133056x,2019-11-23 18:54:42,b'@inursha @lazygetter same reason I go to a movie premiere at midnight on a thursday or waited outside the mall for\xe2\x80\xa6 https://t.co/uJmTh9Afm3'
1198313278461661188x,2019-11-23 18:52:03,b'@lazygetter @inursha **for the record I  own 0 TSLA stock.'
1198313137184919552x,2019-11-23 18:51:30,b'@lazygetter @inursha most of my tesla owning friends say the same.  so what gives?  what fuels your contempt?  aski\xe2\x80\xa6 https://t.co/Gl6P0hb4Qy'
1198312664033832960x,2019-11-23 18:49:37,"b'@lazygetter @inursha tesla haters are so quick to shit on superfans, assuming all fans are brainwashed jonestown ty\xe2\x80\xa6 https://t.co/1Ch8P2CDEs'"
1198312038923145219x,2019-11-23 18:47:08,b'@lazygetter @inursha do you work for exxonmobile?  or opec?  or the saudis?  or did tesla/em do something personally to hurt you?'
1198298738198024194x,2019-11-23 17:54:17,b'this is special.  makes me want to be the best version of me I can possibly be.  be sure to watch it all the way th\xe2\x80\xa6 https://t.co/fzjGO08Ifo'
1198269245139894274x,2019-11-23 15:57:05,"b'Every Youtuber I follow has put $ down for a @Tesla CyberTruck.  I have no need for another car, no need at all for\xe2\x80\xa6 https://t.co/yRvJ7Me3Oc'"
1197901034057633792x,2019-11-22 15:33:57,b'@Les3Rois_Basel Thanks for having me!  Wonderful hotel'
1197793946463866880x,2019-11-22 08:28:25,"b'@tanamongeau Tana Saturday, Switzerland Sunday'"
1197783360480980992x,2019-11-22 07:46:21,b'\xf0\x9f\x91\x8f\xf0\x9f\x91\x8f\xf0\x9f\x91\x8f never forget the OG Truckla  made by the brilliant @SimoneGiertz https://t.co/IfXpj0CD2I'
1197781561770487808x,2019-11-22 07:39:12,b'so long Switzerland. It\xe2\x80\x99s been great https://t.co/cMvxUJGyWs'
1197764352989892609x,2019-11-22 06:30:49,b'@carlyincontro That cuts deep Carly'
1197764046772154369x,2019-11-22 06:29:36,b'RT @sokane1: And it\xe2\x80\x99s back! https://t.co/KSqSUsnDp3'
1197763391051448320x,2019-11-22 06:27:00,b'RT @whatsinside: In launch mode... #CYBRTRK https://t.co/Ft3URrLPDE'
1197741707976151041x,2019-11-22 05:00:50,b'cybertruck'
1197741469936820225x,2019-11-22 04:59:54,b'@natalinanoel finish watching Taxi Driver!  and dont fall asleep this time https://t.co/PhltFST9II'
1197708056504786944x,2019-11-22 02:47:07,b'@casiestewart @stilez Is your movement limited?  do you have pains?'
1197701698774548480x,2019-11-22 02:21:51,b'RT @Tesla: Cybertruck Unveil livestream starts at 8pm \nhttps://t.co/BhTBgNqeWQ https://t.co/qzKnsIkkms'
1197699038554083335x,2019-11-22 02:11:17,b'@casiestewart @stilez oh no.  why didnt it heal right??'
1197693342764716032x,2019-11-22 01:48:39,b'@johnwashere213 a woman named Linda! -- https://t.co/eSzkJWBZJ2'
1197658090373632000x,2019-11-21 23:28:34,b'she\xe2\x80\x99s such a great mom \xe2\x9d\xa4\xef\xb8\x8f https://t.co/WOl60QFQY3'
1197649548115664897x,2019-11-21 22:54:38,b'@mcwm nice'
1197648772752379904x,2019-11-21 22:51:33,b'So bummed I\xe2\x80\x99m missing this https://t.co/i6BSr9U2II'
1197544856677232640x,2019-11-21 15:58:37,b'@comedy_engineer @basedpapa you know me so well'
1197541898082308096x,2019-11-21 15:46:52,b'omg https://t.co/GFMXo8C60k'
1197539432649437186x,2019-11-21 15:37:04,b'Switzerland https://t.co/dShrOkERil'
1197373113111060480x,2019-11-21 04:36:10,b'@candicepool we do agree on some things'
1197370975035150337x,2019-11-21 04:27:41,b'@RachelT1741 best yet!! https://t.co/mmANtRGUnl'
1197348503103520768x,2019-11-21 02:58:23,b'@piamuehlenbeck what about couples that argue in real-time on twitter?'
1197306784697978880x,2019-11-21 00:12:37,b'\xe2\x9c\x8c\xef\xb8\x8f https://t.co/KcckRsGJxD'
1197213281888301056x,2019-11-20 18:01:04,b'@mangionephoto socks! people should wear socks'
1196964466102898689x,2019-11-20 01:32:21,b'@JackCampbell420 Or it\xe2\x80\x99s just gross'
1196961798949203968x,2019-11-20 01:21:46,b'@yashar Omg'
1196961797007233024x,2019-11-20 01:21:45,b'this is an 11 hour flight.   \n- https://t.co/tPtOQ6Gv8v https://t.co/sL5qqxZnda'
1196916973533220865x,2019-11-19 22:23:38,b'@DailyRender Omg perfect'
1196902075671539712x,2019-11-19 21:24:26,b'@CaseyNewton appreciate you Casey'
1196900857117204480x,2019-11-19 21:19:36,"b""It's November 19th and i've sent 3 emails today that include; 'let's circle back after the new year'"""
1196899011287871488x,2019-11-19 21:12:16,b'@WiLLoDavisRocks lol'
1196898780647321600x,2019-11-19 21:11:21,b'@nevinwebster this is dope'
1196896228337831936x,2019-11-19 21:01:12,"b'Photoshop request; my custom sunglasses are not a default memoji option, can someone turn these glasses into my sun\xe2\x80\xa6 https://t.co/kqUQgOPG5R'"
1196882759383277568x,2019-11-19 20:07:41,b'RT @QuincyDJones: We got the horses in the back \xf0\x9f\x8e\xb6...@LilNasX https://t.co/67TehaQ8Gg'
1196878947327205376x,2019-11-19 19:52:32,b'@tanamongeau @DonceanStefan @shreydan @candicepool STANdice NeiSTAN'
1196875981727784960x,2019-11-19 19:40:45,b'thinking of making my Twitter a Candice stan account.'
1196874503319502848x,2019-11-19 19:34:53,b'in between J\xc3\xa4ger-bombs Tana suggested that Candice refer to her fans as STANdices. https://t.co/q3tp6PuvxO'
1196857911483367425x,2019-11-19 18:28:57,b'@andymilonakis Truth'
1196669683920850944x,2019-11-19 06:01:00,b'find someone who looks at you the way she looks at this sundae https://t.co/VVVhv8bYsu'
1196658593094782976x,2019-11-19 05:16:56,b'this is getting out of control. https://t.co/7UYaqIs5uq'
1196654388254666753x,2019-11-19 05:00:13,"b'Roi and I wore the same shirt and the same necklace to dinner. Candice, despite designing the necklace and giving i\xe2\x80\xa6 https://t.co/s4pcyMJ4Uc'"
1196537841771089925x,2019-11-18 21:17:06,b'@carlyincontro story of my life'
1196537789220675585x,2019-11-18 21:16:54,b'@whatsinside My Tesla has one of those too.  It\xe2\x80\x99s on the steering wheel under my left thumb'
1196525332209094656x,2019-11-18 20:27:24,b'#KIDZBOPDad https://t.co/VzTie33f3j'
1196523179776233472x,2019-11-18 20:18:51,"b""@MariahOnorati It highlights just how big Tesla's 15 year headstart is on the rest of the industry"""
1196521132746108928x,2019-11-18 20:10:42,b'@candicepool https://t.co/eG9DWd3LGd'
1196516572686209024x,2019-11-18 19:52:35,b'\xf0\x9f\x9a\xa8NYC\xf0\x9f\x9a\xa8 https://t.co/fudPOc73qP'
1196493068385607681x,2019-11-18 18:19:11,b'damn.. Georgie woulda crushed it. https://t.co/gYICAlI5fQ'
1196490767868387330x,2019-11-18 18:10:03,b'Happiest of Birthdays to this handsome man (the one on the right)  \xf0\x9f\x8e\x88@zane \xf0\x9f\x8e\x88 https://t.co/oDfa53950z'
1196485671050809344x,2019-11-18 17:49:48,b'@candicepool https://t.co/YRNVdyOQCr'
1196484259659145216x,2019-11-18 17:44:11,b'RT @MikePosner: New \xf0\x9f\x94\xa5 - Live Before I Die - (full music video out now) - this is a little snippet from the music video. This song and video\xe2\x80\xa6'
1196480384717901824x,2019-11-18 17:28:47,b'@Sami_1993 22 year old Toyota \xf0\x9f\x98\x89'
1196479331016462339x,2019-11-18 17:24:36,b'@dalwolf @holmesersimpson 97'
1196473263238500352x,2019-11-18 17:00:30,b'respect the drip Candice https://t.co/JewhGGQXoP'
1196472605487747073x,2019-11-18 16:57:53,b'@holmesersimpson It\xe2\x80\x99s a Toyota'
1196471951742554118x,2019-11-18 16:55:17,b'got the new KIDZ Bop.. today\xe2\x80\x99s gonna be a great day https://t.co/rABUqkpZPn'
1196231276379791360x,2019-11-18 00:58:55,b'that\xe2\x80\x99s my new sweatshirt. https://t.co/Vh15SvgTfV'
1196228064763621377x,2019-11-18 00:46:10,"b'this is fake.  technical reasons aside, if a company like Scania were to do a publicity stunt of this scale they wo\xe2\x80\xa6 https://t.co/Y3hoLCClEi'"
1196194987874013189x,2019-11-17 22:34:43,b'@mcwm https://t.co/P4RmRfNW5P'
1196156238603542528x,2019-11-17 20:00:45,b'@DougDeMuro Appreciate you Doug'
1196130396036927489x,2019-11-17 18:18:04,b'no cup holders but ashtrays for days \xf0\x9f\x9a\xac https://t.co/1P3w8wPD4F'
1196129945761640449x,2019-11-17 18:16:16,b'sliding windows in the way back https://t.co/me0XvSDHSQ'
1196127370438172673x,2019-11-17 18:06:02,b'folding \xf0\x9f\x92\xba https://t.co/lyrRIfGJ4o'
1196126764851818496x,2019-11-17 18:03:38,b'Candice got a 1997 Toyota Land Cruiser.  the kids and i love it. https://t.co/5NTpCaMYah'
1196101043416907776x,2019-11-17 16:21:25,b'@mcwm @trekonomics @saba_h every day mike! https://t.co/VTRS6N6JRL'
1195889762827063296x,2019-11-17 02:21:52,b'@mcwm @giannaporcaro @Jessewelle Also.  Sweet burrito \xf0\x9f\x8c\xaf'
1195889690177441793x,2019-11-17 02:21:35,b'@mcwm @giannaporcaro @Jessewelle I think that\xe2\x80\x99s my bike https://t.co/w6fIvTZ9DI'
1195885431801315328x,2019-11-17 02:04:40,b'@mcwm @giannaporcaro @Jessewelle You shoulda said hi!!!'
1195824454598721538x,2019-11-16 22:02:21,b'@ArlanWasHere https://t.co/EKwRnfm4vi'
1195823412867784704x,2019-11-16 21:58:13,b'\xe2\x80\x98lemmegetta\xe2\x80\x99 should be a word'
1195813877373530112x,2019-11-16 21:20:20,b'last one https://t.co/A2T1csFoBg'
1195809095032328192x,2019-11-16 21:01:19,b'update https://t.co/DUIf8kJBvC'
1195808650394132481x,2019-11-16 20:59:33,b'back seat. https://t.co/WHXJyk7YWk'
1195808310512869376x,2019-11-16 20:58:12,"b'be cool, act normal.  no way they know what\xe2\x80\x99s going on in the back seat. https://t.co/p7AV5EThAc'"
1195803494524940288x,2019-11-16 20:39:04,b'that glow up \xf0\x9f\x92\xab https://t.co/1Hfmdk2Drx'
1195754963034464256x,2019-11-16 17:26:13,b'@MKBHD Remember me bitching about the terrible wrap job i got in NYC. ?   this is the fix.  No wrap.  Full chrome delete.'
1195753671968952320x,2019-11-16 17:21:06,b'incredible campaign video for vp and president of Harvard\xe2\x80\x99s student government. \n\ncheck the threAd \xf0\x9f\x91\x87 they won!!! https://t.co/zFOfVsC0VD'
1195752385366200323x,2019-11-16 17:15:59,b'she\xe2\x80\x99s getting an extreme Hollywood makeover https://t.co/iXCHjuJUED'
1195747751079768064x,2019-11-16 16:57:34,"b'@CGrantWSJ I dont understand, does your tweet mean that I\xe2\x80\x99m a bot or that a bot wrote the tweet?  Because I\xe2\x80\x99m prett\xe2\x80\xa6 https://t.co/dSbLUpYUzk'"
1195486446791979009x,2019-11-15 23:39:14,b'she\xe2\x80\x99s a pretty great tiktoker (is that a word?) https://t.co/Pm3Xg3qPRF'
1195486057501822977x,2019-11-15 23:37:41,b'She titled this #momlife https://t.co/zURDgviCxc'
1195483872613371904x,2019-11-15 23:29:00,b'met one of my favorite YouTubers today.  If you don\xe2\x80\x99t know @tomscott you should have a peak at his super smart vide\xe2\x80\xa6 https://t.co/gPEfeqEdT9'
1195432162306056194x,2019-11-15 20:03:32,b'https://t.co/H5hLClkGxa'
1195432085814562816x,2019-11-15 20:03:13,b'they girls got style.  so much style. https://t.co/6PAWaNhAgB'
1195419361453854721x,2019-11-15 19:12:40,b'RT @elonmusk: Innovation comes in many ways https://t.co/3plylbd1eZ'
1195419253098217473x,2019-11-15 19:12:14,b'@mitchmerry https://t.co/jShI6147jH'
1195418777069842432x,2019-11-15 19:10:20,b'also appreciate their poster design https://t.co/LCaI1YyDYt'
1195418685680177152x,2019-11-15 19:09:59,b'always looking for family activities here in LA.  this one seems particularly fun.  TENDER FEST (as in an entire fe\xe2\x80\xa6 https://t.co/nBoN2jqgjP'
1195399394838728704x,2019-11-15 17:53:19,b'\xf0\x9f\x9a\xa8 https://t.co/hTRX52jLb8'
1195398497970708480x,2019-11-15 17:49:46,b'@MatthewCisler \xf0\x9f\x91\x8d https://t.co/7KveGEhEnw'
1195397575089647616x,2019-11-15 17:46:05,"b'having @Tesla Energy survey my house.  asked the guy if he need a ladder to see the roof, he whipped out the most b\xe2\x80\xa6 https://t.co/GQbur4F69o'"
1195019801963331584x,2019-11-14 16:44:57,b'she sent me this text at 1am. https://t.co/XlXc7fdgEj'
1194689359229808640x,2019-11-13 18:51:54,b'soo i went skateboarding and travel shopping with @TiffanyHaddish @target the skateboarding didnt go super well ; )\xe2\x80\xa6 https://t.co/01ZSVzzPh6'
1194299703715741696x,2019-11-12 17:03:33,b'https://t.co/ocNlhGcOh1'
1194298209998274560x,2019-11-12 16:57:36,b'while I was sleeping information was sent through the air to my car which made my very fast car even faster. https://t.co/kV17U8nD3y'
1194065796307144706x,2019-11-12 01:34:05,b'@mcwm We got surfing!  You need a board?  How about a bike?  You need a Tesla?  I GOT UOU MIKE'
1194062869534400512x,2019-11-12 01:22:27,b'@mcwm Come to Venice!'
1194062327303196672x,2019-11-12 01:20:18,b'interesting https://t.co/KvYEeE5l0N'
1193757852663312384x,2019-11-11 05:10:25,b'RT @DavidDobrik: I WON A PEOPLES CHOICE AWARD AND this is crazy. I mean like seriously. You guys have showed my friends and I so much love\xe2\x80\xa6'
1193605947395936256x,2019-11-10 19:06:48,b'neighbors kid is super chill \xf0\x9f\x98\x8e https://t.co/6f4eiAZOJr'
1193596620757065728x,2019-11-10 18:29:44,b'already lost my airpod pros.'
1193584051321368576x,2019-11-10 17:39:48,b'all the money from this auction supports injured vets.  this item is pretty special\xe2\x8c\x9a\xef\xb8\x8f https://t.co/9tqTvj8NfC'
1193379776536309761x,2019-11-10 04:08:05,b'My wife ladies and gentlemen https://t.co/l4qpEleHLp'
1193321249155366915x,2019-11-10 00:15:31,b'every argument I have w @candicepool sounds just like this. https://t.co/ishvWLwSeO'
1193305698223869952x,2019-11-09 23:13:43,b'RT @Jessewelle: It was all my fault\xf0\x9f\x98\xac https://t.co/C3hQvPI6mR'
1193305663629217792x,2019-11-09 23:13:35,"b""RT @CarlMullan: Anyone else: But I can't make a video about breaking my collar bone without any footage of it...\n\n@Casey: Hold my beer http\xe2\x80\xa6"""
1193305402198245376x,2019-11-09 23:12:33,b'@riceschi ALWAYS \n\ncc @candicepool'
1193305324179951616x,2019-11-09 23:12:14,b'RT @Liron_Segev: If your notification failed like mine: you have to watch how @Casey hitchhiked a plane ride to hang with @Jessewelle only\xe2\x80\xa6'
1193294803401723904x,2019-11-09 22:30:26,"b""so here's a thorough explanation of how I  broke my collar bone into 3 pieces -- https://t.co/3jPJiaJ29R https://t.co/5MJ0jZnTV5"""
1192829640034799616x,2019-11-08 15:42:02,"b'hey @candicepool you\xe2\x80\x99re not supposed to put this in the washing machine, you can just wipe it down if it gets dirty https://t.co/fyaCGTtpi4'"
1192668048760569856x,2019-11-08 04:59:56,b'@tyleroakley @NevSchulman \xe2\x9d\xa4\xef\xb8\x8f u 2'
1192667488774868993x,2019-11-08 04:57:42,b'\xf0\x9f\xa4\x94 https://t.co/OCEspn5dE4'
1192629463994912769x,2019-11-08 02:26:36,b'omg.  look at this good boy https://t.co/vrDTvlwwKV'
1192480075955916802x,2019-11-07 16:32:59,b'every.  single.  day.'
1192479945815019520x,2019-11-07 16:32:28,"b""Candice; 'should we have another baby'\nme; https://t.co/1vDVLKfVrv"""
1192458575148285952x,2019-11-07 15:07:33,b'\xf0\x9f\xa4\xb7\xe2\x80\x8d\xe2\x99\x82\xef\xb8\x8f https://t.co/Xg82Cx6Xjm'
1192078144993472512x,2019-11-06 13:55:52,b'Instagram marketing knows me so well. https://t.co/BW6LGM4Fa3'
1191792195914915843x,2019-11-05 18:59:36,b'It\xe2\x80\x99s a rental.  It\xe2\x80\x99s a friends rental.'
1191789173264584705x,2019-11-05 18:47:35,"b'Dear stranger from Kazakhstan, thank you for the chocolate bar. https://t.co/ri5FdgHAg4'"
1191653377106726912x,2019-11-05 09:47:59,b'@candicepool Is this a dating app?   Why are you on a dating app?'
1191555339822551040x,2019-11-05 03:18:25,b'@Matt2Harrington ask @petermckinnon'
1191369714649272321x,2019-11-04 15:00:49,b'@Captaintiti29 Pro!'
1191359626157027328x,2019-11-04 14:20:43,b'@jackycoyne CHAMPION'
1191074655706107904x,2019-11-03 19:28:21,"b'@ryansinacakici *210,336 people care https://t.co/RBsXcqSc1G'"
1191074106101207040x,2019-11-03 19:26:10,"b'RT @JonErlichman: On this day in 2008: Tesla secures $40 million loan to avoid bankruptcy\n\nToday, its $56 billion market cap makes Tesla th\xe2\x80\xa6'"
1191074026594000896x,2019-11-03 19:25:51,b'Good to see to see you last night @theleviallen hope you\xe2\x80\x99re feeling better after that mishap with the bike \xf0\x9f\x92\xa5 -\xe2\x80\xa6 https://t.co/v5696tPrha'
1191046930215780352x,2019-11-03 17:38:11,b'@andymilonakis love it here.  you ever come west anymore'
1191039787924250631x,2019-11-03 17:09:48,b'Im doing it https://t.co/tDK1MVH0SI'
1190908745074692096x,2019-11-03 08:29:05,b'RT @candicepool: This is true. https://t.co/ASrHI6cQfn'
1190818963749343232x,2019-11-03 02:32:19,b'@ItsBobbyMares Congrats.  \xf0\x9f\x8d\xbe'
1190802316695179264x,2019-11-03 01:26:10,b'@kj_brent For the price an easy win'
1190747612510449665x,2019-11-02 21:48:48,b'@HarmeetGabha Yes'
1190737857901559809x,2019-11-02 21:10:02,b'if you love really ugly fingernails you\xe2\x80\x99re gonna love this video. https://t.co/GLymOJBnUg'
1190720122048040961x,2019-11-02 19:59:34,"b'@tonyj154 302,495 people https://t.co/ts6trIQGW2'"
1190705897229541376x,2019-11-02 19:03:02,b'Thinking of you @Dannmace https://t.co/biWRYKsixc'
1190672800861708288x,2019-11-02 16:51:32,"b""@PTPetra all washed out yes.  can't expect the same dynamic range from a $400 device that a $1800 device yields.  I\xe2\x80\xa6 https://t.co/fnho3fMKmC"""
